repo_name,weekly_commits,monthly_commits,yearly_commits,open_issues,closed_issues,open_pulls,closed_pulls
angular/angular,595,2580,30964,1648,54545,254,27952
angular/angular.js,174,756,9074,463,16569,72,7923
angular/angular-cli,296,1285,15426,284,27679,14,12550
formio/angular,19,86,1038,45,1040,4,308
jmcunningham/AngularJS-Learning,14,61,734,0,302,0,302
angulardart/angular,72,313,3764,83,1895,0,922
tomastrajan/angular-ngrx-material-starter,16,71,854,42,533,7,376
DeborahK/Angular-GettingStarted,5,22,265,3,174,0,65
gothinkster/angular-realworld-example-app,3,13,162,9,277,5,170
angular/angular-seed,3,17,207,19,439,9,234
OOP-Code-Bunny/angular,0,1,19,1,0,1,0
johnpapa/angular-styleguide,21,94,1136,79,789,17,427
scalyr/angular,0,1,23,12,20,0,11
angular/angularfire,20,86,1041,251,3178,11,939
ng-bootstrap/ng-bootstrap,46,202,2433,395,4351,52,2105
creativetimofficial/material-dashboard-angular2,2,12,147,45,111,16,21
angular/angular-phonecat,4,20,240,5,453,2,169
michaelbromley/angularUtils,4,19,233,84,393,14,54
ngrx/platform,38,168,2026,65,4262,7,2051
Ismaestro/angular-example-app,13,59,716,0,148,0,91
tjoudeh/AngularJSAuthentication,0,1,16,27,12,8,4
ui-router/angular,50,220,2645,8,986,4,744
angular-app/angular-app,7,32,393,53,242,6,105
akveo/ngx-admin,10,46,553,484,2249,64,917
PatrickJS/awesome-angular,18,80,960,3,787,0,738
tomalaforge/angular-challenges,19,85,1022,47,1033,39,1003
auth0/angular2-jwt,10,43,527,6,786,4,275
angular/angular.io,55,238,2861,213,3358,35,2353
angular/components,232,1007,12094,2107,27485,167,14247
yeoman/generator-angular,14,62,755,90,1327,20,411
mgcrea/angular-strap,22,95,1145,0,2292,0,637
maximegris/angular-electron,11,48,583,17,796,5,191
primefaces/primeng,308,1335,16022,1210,15160,35,3346
angular/angular2-seed,2,12,146,23,157,2,73
mgechev/angular-seed,42,185,2223,21,2435,0,1001
angular/protractor,34,150,1809,684,4879,64,1452
sudheerj/angular-interview-questions,4,21,252,5,85,1,61
ng-book/angular2-rxjs-chat,2,10,128,39,27,11,9
angular/quickstart,3,13,165,38,528,2,175
textAngular/textAngular,19,83,997,543,1113,29,270
angular-ui/ui-grid,84,366,4396,731,6580,3,1941
angular-translate/angular-translate,28,125,1505,36,1882,0,503
timjacobi/angular-education,6,29,351,4,190,2,163
coreui/coreui-free-angular-admin-template,3,14,175,1,266,0,80
coursefiles/angular2-essential-training,4,18,222,20,62,12,56
angular-fullstack/generator-angular-fullstack,53,232,2787,254,2547,14,841
johnpapa/ng-demos,11,51,615,42,64,3,39
angular-university/angular-course,1,8,100,30,43,18,40
aviabird/angularspree,13,59,716,18,398,5,353
toddmotto/angularjs-styleguide,3,16,196,23,155,3,72
FirebaseExtended/angularfire,19,84,1018,1,993,0,329
invertase/rdash-angular,2,12,154,7,68,7,68
NG-ZORRO/ng-zorro-antd,54,234,2809,911,7644,81,3528
codetok/cdk-admin,3,16,195,25,37,9,20
shyamseshadri/angularjs-book,0,1,18,25,10,5,7
mattlewis92/angular-calendar,35,155,1866,95,1645,1,96
l-lin/angular-datatables,9,41,500,6,1728,0,213
nervgh/angular-file-upload,5,24,296,247,645,15,116
jirikavi/AngularJS-Toaster,5,24,294,12,275,5,112
scttcper/ngx-toastr,18,81,975,69,957,5,496
joeeames/AngularFundamentalsFiles,0,2,35,5,24,1,1
ng-select/ng-select,21,95,1141,43,2366,5,657
coursefiles/angular-essential-training,0,0,1,43,35,37,34
auth0-blog/angular2-authentication-sample,2,8,106,29,57,3,29
housseindjirdeh/angular2-hn,3,15,181,30,88,22,52
angular-ui/angular-google-maps,40,174,2095,337,1698,0,425
angulartics/angulartics2,9,42,511,85,404,6,205
loiane/curso-angular,8,38,464,0,367,0,339
chieffancypants/angular-loading-bar,3,16,195,81,310,27,91
fdietz/recipes-with-angular-js-examples,0,3,37,16,2,5,1
Urigo/angular-meteor,74,323,3881,24,1937,2,923
DanWahlin/Angular-JumpStart,9,41,495,2,107,2,59
tiberiuzuld/angular-gridster2,13,56,676,321,602,2,124
revolunet/angular-carousel,6,29,358,154,282,30,99
angulartics/angulartics,10,47,566,85,511,9,237
mgechev/angularjs-style-guide,11,48,581,4,180,1,147
preboot/angularjs-webpack,2,9,112,18,94,4,33
akveo/ng2-smart-table,6,27,325,965,394,96,143
siddii/angular-timer,9,39,472,175,165,20,80
sebholstein/angular-google-maps,10,45,549,61,1988,22,923
creativetimofficial/light-bootstrap-dashboard-angular2,3,17,204,5,36,2,11
Swiip/generator-gulp-angular,19,86,1032,163,1032,13,364
ng-packagr/ng-packagr,45,197,2369,45,2870,8,1833
AngularTemplates/learn-angular-from-scratch-step-by-step,0,0,6,36,23,36,21
jtblin/angular-chart.js,7,31,374,112,613,14,83
angular-ui-tree/angular-ui-tree,20,87,1046,173,877,42,283
mcasimir/mobile-angular-ui,6,26,318,149,281,7,47
codef0rmer/angular-dragdrop,2,10,129,53,292,11,47
joni2back/angular-filemanager,9,41,497,100,278,11,112
Farata/angular2typescript,6,28,337,9,29,0,12
scotch-io/starter-node-angular,0,2,24,13,10,7,8
marcoslin/angularAMD,3,17,207,45,144,8,18
cornflourblue/angular2-registration-login-example,0,1,19,4,6,2,1
bleenco/ngx-uploader,6,28,336,127,448,10,173
json-schema-form/angular-schema-form,19,86,1033,129,874,7,223
preboot/angular-webpack,4,21,255,58,309,1,95
csotomon/Angular2-AdminLTE,1,6,79,9,26,9,26
thelgevold/angular-samples,11,51,622,18,47,16,11
grevory/angular-local-storage,7,34,411,65,301,8,146
angular-ui/AngularJS-sublime-package,4,20,247,17,78,0,14
swimlane/ngx-charts,20,90,1090,868,1101,163,417
urish/angular-moment,8,36,439,51,260,4,92
gianarb/awesome-angularjs,3,16,192,5,109,5,95
johnpapa/angular-tour-of-heroes,6,26,318,10,154,6,82
mgechev/angular-performance-checklist,2,11,140,1,59,1,44
trungvose/angular-spotify,6,26,319,8,90,0,75
michaelbromley/ngx-pagination,6,26,323,47,364,0,54
formly-js/angular-formly,20,87,1049,93,679,0,164
angular-gantt/angular-gantt,19,86,1032,174,690,4,114
angular-slider/angularjs-slider,10,45,543,22,662,1,158
vladotesanovic/angular2-express-starter,2,12,152,7,90,1,14
mmacneil/AngularASPNETCoreOAuth,1,8,100,31,24,21,18
vitalets/angular-xeditable,10,46,561,112,674,9,168
trungvose/jira-clone-angular,6,28,336,4,100,4,88
flauc/angular2-notifications,9,42,504,81,349,9,123
DavideViolante/Angular-Full-Stack,9,40,483,7,271,0,101
a8m/angular-filter,14,60,730,109,158,24,73
tombatossals/angular-leaflet-directive,36,160,1920,134,1062,10,392
zensh/AngularjsTutorial_cn,0,0,5,0,1,0,0
ngx-translate/core,8,38,461,487,965,36,206
CaryLandholt/AngularFun,7,31,380,0,75,0,19
wix-incubator/angular-tree-control,4,21,253,131,175,19,65
ng-matero/ng-matero,30,132,1594,16,670,11,546
btford/angular-express-seed,0,2,24,25,26,15,20
brillout/awesome-angular-components,3,14,169,19,35,12,16
ultimatecourses/angular-fundamentals-seed,0,1,13,20,17,14,11
angular/universal-starter,10,44,529,90,600,6,172
angular-vietnam/100-days-of-angular,3,14,174,5,41,3,22
CuppaLabs/angular2-multiselect-dropdown,5,24,293,169,484,29,94
DanWahlin/angular-architecture,7,30,369,0,58,0,56
NathanWalker/angular-seed-advanced,43,188,2261,43,449,1,123
borysn/spring-boot-angular2,4,21,257,5,22,1,8
spring-guides/tut-spring-security-and-angular-js,5,25,301,103,207,81,63
dicallc/ionic3_angular4_JD,0,3,37,10,13,0,0
allenhwkim/angularjs-google-maps,16,72,869,86,804,0,118
codediodeio/angular-firestarter,2,11,134,48,72,20,34
manfredsteyer/angular-oauth2-oidc,12,52,627,270,1158,45,255
angular-university/angular-material-course,3,17,207,20,40,9,38
witoldsz/angular-http-auth,2,9,110,14,131,2,70
truenas/webui,475,2058,24704,12,10623,12,10623
colorfest/angularjs,0,3,42,5,6,4,6
ManifestWebDesign/angular-gridster,7,31,375,217,301,20,116
flatlogic/angular-material-dashboard,2,10,129,7,75,7,20
angular/angular-cn,77,335,4020,6,500,1,279
DeborahK/Angular-ReactiveForms,2,8,106,5,27,3,8
isteven/angular-multi-select,2,11,139,133,446,54,62
soufiane-fadil/angular-material-dashboard,0,0,9,27,18,27,18
Famous/famous-angular,22,96,1158,36,349,8,157
kamilkisiela/apollo-angular,34,147,1775,48,2105,0,1627
jbutko/AngularJS-Boilerplate,1,5,66,5,24,1,13
angular-university/angular-testing-course,1,6,73,15,40,11,38
g00fy-/angular-datepicker,6,27,328,165,177,23,81
CreativeIT/material-angular-dashboard,1,6,73,35,40,24,26
BTMorton/angular2-grid,7,32,384,87,225,1,53
TrilonIO/aspnetcore-angular-universal,7,34,412,109,634,2,144
scotch-io/node-todo,1,7,85,19,24,16,17
start-angular/SB-Admin-BS4-Angular-8,4,19,230,68,287,10,105
dolymood/AngularLearning,2,10,126,0,6,0,5
CirclonGroup/angular-tree-component,14,63,757,131,829,6,167
bradtraversy/angular-crash-2021,0,0,10,3,9,1,8
mmacneil/AngularASPNETCore2WebApiAuth,0,2,31,17,10,10,4
angular-ui/angular-ui-OLDREPO,12,52,634,0,582,0,193
ngxs/store,38,165,1984,35,2115,8,1309
DeborahK/Angular-RxJS,1,6,74,34,46,32,38
InfomediaLtd/angular2-materialize,5,24,298,130,324,7,40
NativeScript/nativescript-angular,35,155,1866,294,2070,2,647
jrief/django-angular,29,128,1536,22,348,9,165
RameshMF/Angular8-SpringBoot-CRUD-Tutorial,0,2,29,28,16,27,16
spbooks/angularjs1,0,0,1,12,11,4,0
rx-angular/rx-angular,50,217,2614,139,1637,26,1331
marceljuenemann/angular-drag-and-drop-lists,2,12,146,161,357,24,72
dalelotts/angular-bootstrap-datetimepicker,6,28,346,33,482,16,153
windiest/Angular-news,1,5,69,8,2,0,2
mariuszfoltak/angular2-datatable,1,7,86,96,78,7,14
DeborahK/Angular-Routing,1,8,99,1,26,0,12
chieffancypants/angular-hotkeys,2,12,149,99,193,31,55
Alfresco/alfresco-ng2-components,204,884,10612,66,10151,23,8763
Foxandxss/angular-toastr,3,17,204,60,184,11,46
jvandemo/generator-angular2-library,4,20,241,84,221,6,50
zhulinn/SpringBoot-Angular7-Online-Shopping-Store,0,1,17,3,16,1,5
ngReact/ngReact,4,18,226,0,225,0,80
cgross/angular-busy,1,5,62,59,59,11,19
angular-ui/ui-utils,18,80,971,0,431,0,191
mgechev/angular2-style-guide,1,8,101,4,55,0,27
angular/material.angular.io,15,68,826,49,1200,19,910
angular-dashboard-framework/angular-dashboard-framework,11,48,580,98,244,7,73
gopinav/Angular-Tutorials,0,2,33,52,17,50,16
kolkov/angular-editor,6,30,360,333,237,20,73
kittencup/angular2-learning-cn,0,2,28,2,1,0,1
onehungrymind/angular13-fundamentals-workshop,0,1,12,4,5,2,5
krispo/angular-nvd3,4,19,236,414,357,5,47
oblador/angular-scroll,4,19,230,54,168,13,55
angular/bower-angular-route,73,318,3823,0,12,0,12
sulco/angular-developer-roadmap,0,0,5,13,8,1,3
fragaria/angular-daterangepicker,3,15,190,12,306,1,90
onehungrymind/angular9-fundamentals-workshop,0,2,33,17,34,16,33
start-angular/sb-admin-angular,1,4,57,36,36,9,15
chinmaymk/angular-charts,3,13,156,67,166,16,62
dart-archive/angular.dart,38,165,1987,191,1579,11,910
silverbux/laravel-angular-admin,1,8,97,31,86,3,47
yalabot/angular-foundation,6,28,344,80,240,22,94
angular-wizard/angular-wizard,4,21,259,61,220,15,79
ganatan/angular-app,12,54,653,15,15,5,11
angular-eslint/angular-eslint,27,118,1416,90,1894,14,1429
valor-software/ngx-bootstrap,49,215,2586,576,6101,40,3177
Gbuomprisco/ngx-chips,12,52,629,128,919,25,309
Yonet/Angular-Interview-Questions,3,16,203,1,34,0,29
damienbod/AngularWebpackVisualStudio,14,61,743,21,163,16,29
angular/universal,61,265,3191,0,3180,0,1848
ngx-formly/ngx-formly,35,151,1823,138,3833,17,1315
mgechev/codelyzer,19,83,997,82,959,48,403
mathisGarberg/angular-folder-structure,2,10,127,6,159,4,111
creativetimofficial/notus-angular,7,30,365,6,15,2,9
text-mask/text-mask,9,41,494,333,756,65,330
codecraft-tv/angular-course,1,7,93,146,74,116,72
shlomiassaf/ngx-modialog,6,27,324,141,311,5,70
felipeAguiarCode/angular-playground,0,0,11,2,2,1,2
cornflourblue/angular2-jwt-authentication-example,0,1,19,16,5,10,2
simpulton/angular2-website-routes,0,3,40,11,11,8,5
gevgeny/angular2-highcharts,4,17,208,109,168,9,24
wulfsolter/angular2-signaturepad,2,9,111,17,115,5,37
owsolutions/amazing-time-picker,2,9,115,74,97,22,63
chsakell/aspnet5-angular2-typescript,1,6,82,4,28,2,1
valor-software/ng2-select,3,16,194,404,617,55,547
po-ui/po-angular,29,126,1512,123,1909,32,1448
mseemann/angular2-mdl,58,254,3058,28,1864,10,1602
cstefanache/angular2-img-cropper,5,22,267,106,200,1,58
jmcooper/angular-fundamentals-files,0,2,27,32,14,24,9
kittencup/angular2-ama-cn,0,0,11,194,81,0,0
dbfannin/ngx-logger,6,29,349,21,314,13,104
valor-software/ng2-tree,5,24,290,142,214,8,96
angular-redux/ng-redux,6,30,363,43,207,16,97
mauriciovigolo/keycloak-angular,9,41,497,87,486,4,157
720kb/angular-datepicker,7,33,404,17,73,17,73
angular/code.angularjs.org,32,142,1715,13,39,10,25
mgechev/angularjs-in-patterns,4,19,237,2,28,1,21
luixaviles/socket-io-typescript-chat,2,11,132,43,64,40,44
dschnelldavis/angular2-json-schema-form,5,22,271,167,157,14,35
mattlewis92/angular-bootstrap-calendar,18,82,985,0,663,0,45
dotansimha/angularjs-dropdown-multiselect,6,26,314,165,317,44,83
likeastore/ngDialog,13,56,678,104,498,11,168
rangle/augury,26,114,1379,80,1429,21,852
VadimDez/ng2-pdf-viewer,21,92,1111,93,1037,7,251
shea256/angular-flask,0,1,18,10,10,3,6
passy/angular-masonry,3,16,192,54,150,4,65
avatsaev/angular4-docker-example,0,1,18,4,7,2,1
damienbod/angular-auth-oidc-client,80,349,4195,201,1798,5,646
metaware/angular-invoicing,1,4,59,12,21,2,14
marcj/angular2-localstorage,0,3,38,33,56,1,26
assisrafael/angular-input-masks,7,33,400,86,274,1,114
abacritt/angularx-social-login,9,39,472,34,616,1,147
RafaelVidaurre/angular-permission,13,59,710,12,439,1,122
daniel-nagy/md-data-table,5,24,299,303,359,26,67
swimlane/ngx-graph,6,27,328,102,451,25,176
leocaseiro/angular-chosen,3,17,205,17,273,12,79
ikismail/Angular-ShoppingCart,4,19,230,12,63,0,22
buckyroberts/angular-2-template,0,0,3,4,3,1,2
laurihy/angular-payments,1,5,60,72,48,28,28
DeborahK/AngularF2BWebAPI,0,2,26,0,15,0,4
philipsorst/angular-rest-springsecurity,1,5,62,9,27,5,2
ultimatecourses/angular-pro-src,0,1,20,128,24,121,19
fnakstad/angular-client-side-auth,4,17,209,18,92,0,28
just-jeb/angular-builders,38,167,2010,74,1782,14,1371
jmdobry/angular-cache,4,21,253,21,249,2,52
SortableJS/ngx-sortablejs,4,18,223,100,185,34,48
mgechev/switching-to-angular2,1,7,87,0,31,0,6
PatrickJS/angular-websocket,4,17,210,64,66,7,31
mariohmol/ang-jsoneditor,3,15,180,26,117,4,34
tnajdek/angular-requirejs-seed,1,7,89,15,30,1,20
udos86/ng-dynamic-forms,37,164,1974,128,1057,13,464
thymikee/jest-preset-angular,42,185,2224,30,2721,4,2309
tastejs/todomvc,56,245,2945,165,1979,42,1320
angular-google-chart/angular-google-chart,6,26,318,20,333,1,105
ashleydavis/AngularJS-FlowChart,4,21,257,0,36,0,14
angular-university/angular-ssr-course,1,8,101,12,26,5,25
btford/angular-socket-io,1,5,65,53,112,10,54
akoenig/angular-deckgrid,1,8,96,55,68,13,22
primefaces/sakai-ng,4,20,245,22,32,6,14
ghidoz/angular2-jsonapi,8,36,438,87,237,38,114
devyumao/angular2-busy,1,6,77,55,39,4,7
VividCortex/angular-recaptcha,5,25,302,78,202,4,78
NodeArt/angular-commerce,1,4,56,3,23,3,10
xieziyu/angular2-draggable,2,12,155,114,143,0,79
lewis617/angular2-tutorial,1,5,69,0,4,0,1
DeborahK/Angular-NgRx-GettingStarted,2,11,138,12,55,1,43
angular-split/angular-split,8,37,452,35,417,2,168
orizens/ngx-infinite-scroll,7,31,383,7,430,1,96
Stabzs/Angular2-Toaster,3,14,175,41,232,29,63
angular/builtwith.angularjs.org,5,24,296,222,324,213,316
bessemHmidi/AngularBeans,5,22,271,8,55,1,44
kelp404/angular-form-builder,3,15,189,60,65,3,18
dwmkerr/angular-modal-service,5,22,266,53,228,13,91
sayanee/angularjs-pdf,6,26,317,17,210,3,61
angular-redux/store,6,29,359,68,500,5,276
jeff-collins/ment.io,3,13,161,138,99,43,48
bennadel/AngularJS-Routing,0,1,12,5,3,0,2
valor-software/ng2-file-upload,5,24,289,427,854,18,562
dtpublic/malhar-angular-dashboard,8,38,464,16,190,2,79
FortAwesome/angular-fontawesome,4,19,234,12,439,0,151
creativetimofficial/argon-dashboard-angular,1,6,78,23,31,16,14
fullcalendar/fullcalendar-angular,8,35,431,2,431,1,56
jeroenouw/AngularMaterialFirebase,4,21,257,26,40,23,31
ElemeFE/element-angular,21,91,1094,57,114,9,38
swimlane/ngx-datatable,28,123,1485,899,1285,111,476
cornflourblue/angular-registration-login-example,0,0,7,1,3,0,1
jadjoubran/laravel5-angular-material-starter,12,54,653,3,499,1,109
vasyabigi/angular-slick,1,5,62,121,63,29,31
machineboy2045/angular-selectize,2,11,141,72,110,18,34
spring-petclinic/spring-petclinic-angular,5,24,295,5,140,1,104
valor-software/ng2-charts,10,44,533,68,1934,6,1114
fknop/angular-pipes,4,21,256,22,90,5,35
DSpace/dspace-angular,237,1027,12334,429,2884,95,1789
cloudinary/cloudinary_angular,4,21,252,8,312,2,173
ncuillery/angular-breadcrumb,3,14,176,75,116,15,33
miaoyaoyao/AngularJs-UI,0,1,17,0,10,0,3
Teradata/covalent,36,159,1919,88,2142,3,1249
yearofmoo-articles/AngularJS-Testing-Article,0,3,37,29,15,9,12
creativetimofficial/paper-dashboard-angular,2,9,115,9,21,3,6
BenjaminBrandmeier/angular2-image-gallery,5,21,260,18,108,0,46
angularjs-nvd3-directives/angularjs-nvd3-directives,4,20,249,257,178,20,68
nuonuoge/ionic6_angular10_elm,1,6,78,0,36,0,1
draptik/angulardemorestful,1,7,89,0,6,0,4
carbon-design-system/carbon-components-angular,185,803,9646,176,2774,3,1683
angular-university/reactive-angular-course,1,5,70,25,26,14,25
shyamseshadri/angularjs-up-and-running,0,3,46,12,20,3,14
mraible/ng-demo,5,22,271,5,227,5,213
telerik/kendo-angular,5,22,267,327,4016,0,156
mrin9/Angular-SpringBoot-REST-JWT,1,8,98,6,41,3,12
darbyluv2code/fullstack-angular-and-springboot,5,24,297,0,60,0,60
kendo-labs/angular-kendo,7,30,370,45,370,0,32
chsakell/angular2-features,1,4,52,3,9,1,1
hueitan/angular-validation,7,32,389,17,290,6,84
mdbootstrap/mdb-angular-ui-kit,7,31,383,5,159,1,39
kamilkp/angular-vs-repeat,3,17,205,126,125,32,38
angular-redux/example-app,0,3,43,11,43,1,31
eu81273/angular.treeview,0,2,32,57,21,9,8
maiyaporn/angular2-wizard,0,2,31,46,23,11,7
Mawi137/ngx-image-cropper,8,36,437,22,624,1,137
cod3rcursos/angular-crud,0,0,2,34,10,34,9
brtnshrdr/angular2-hotkeys,2,12,148,34,147,3,45
bradtraversy/angular60,0,0,5,3,2,0,1
lukasz-galka/ngx-gallery,5,21,260,103,239,5,19
hamzahamidi/ajsf,3,15,183,70,288,17,134
DanielYKPan/date-time-picker,4,19,233,235,560,37,51
angular-university/angular-forms-course,2,12,147,7,12,7,12
coreui/coreui-angular,14,60,729,2,203,0,69
RickStrahl/AlbumViewerVNext,4,21,259,5,13,4,5
btford/angular-express-blog,0,0,9,15,9,5,7
jhipster/jhipster-sample-app,8,37,444,5,32,5,32
SelmanKahya/angularjs-form-builder,1,6,79,0,33,0,10
jakemmarsh/angularjs-gulp-browserify-boilerplate,6,27,333,4,84,4,84
NativeScript/nativescript-sdk-examples-ng,18,81,976,4,453,0,379
marcorinck/angular-growl,1,6,73,39,14,17,8
AngularFirebase/angular-electron,0,0,4,6,3,1,2
ultimatecourses/angular-fundamentals-src,0,0,6,60,5,53,5
cipchk/ngx-weui,4,17,215,7,170,0,27
gothinkster/angularjs-realworld-example-app,0,2,27,8,22,1,8
meteoric/meteor-ionic,5,23,279,137,246,14,65
auth0-samples/auth0-angular-samples,13,57,689,18,501,18,381
urish/ngx-moment,7,33,401,43,247,7,112
mattlewis92/angular-resizable-element,7,31,380,1,27,1,27
sonicoder86/angular2-babel-esnext-starter,5,22,264,3,176,0,150
amazon-archives/aws-cognito-angular-quickstart,2,11,140,38,121,9,29
m-e-conroy/angular-dialog-service,4,18,218,41,154,3,59
Wintellect/Angular-MVC-Cookbook,0,2,34,4,4,1,2
steeve/angular-seo,0,2,27,33,16,3,13
AngularShowcase/angular2-sample-app,4,19,237,10,12,6,10
scullyio/scully,18,79,957,119,1542,7,929
ionic-team/ionic-angular-cordova-seed,1,6,77,1,9,1,9
bugthesystem/rdash-angular2,0,2,35,6,6,0,2
googlearchive/angularfire-seed,2,10,131,6,95,2,32
Urigo/meteor-angular2.0-socially,5,25,305,33,192,11,22
afrad/angular2-websocket,1,4,58,34,78,2,40
tamtakoe/oi.select,4,17,215,43,93,13,21
rubenv/angular-gettext,6,26,318,119,253,19,71
oferh/ng2-completer,7,30,364,145,316,5,63
ju4n97/angular-boilerplate,25,112,1349,6,653,2,629
nickperkinslondon/angular-bootstrap-nav-tree,1,5,60,52,77,6,30
ngxtension/ngxtension-platform,11,48,587,77,410,15,276
MurhafSousli/ngx-progressbar,9,42,511,4,372,4,156
ccoenraets/angular-directory,0,0,8,1,2,0,2
qdouble/angular-webpack-starter,5,24,288,40,331,29,116
angular/bower-angular,74,324,3894,0,23,0,23
froala/angular-froala-wysiwyg,5,22,266,177,366,11,69
urish/angular-spinner,3,13,162,10,106,1,35
IgniteUI/igniteui-angular,658,2852,34228,126,14462,61,8826
DevExpress/devextreme-angular,19,84,1018,17,1401,6,840
720kb/angular-socialshare,8,34,419,4,62,4,62
indrimuska/angular-moment-picker,3,13,161,110,196,9,27
xufei/Make-Your-Own-AngularJS,0,1,12,3,2,0,1
neroniaky/angular-token,8,36,437,49,525,13,389
alexhawkins/angular2-tuber,0,0,7,4,1,1,1
learning-zone/angular-basics,23,102,1230,14,92,14,91
monospaced/angular-elastic,1,8,96,0,109,0,40
saineshwar/Angular-7-Project-with-ASP.NET-CORE-APIS,1,5,62,1,11,0,6
mosh-hamedani/angular2-course,0,2,28,15,5,2,0
kenyee/angularjs-cart,0,0,4,5,3,0,0
uiuniversal/ngu-carousel,7,30,364,29,481,16,278
JonathanZWhite/AngularJS-Resources,0,2,33,1,4,1,3
agrublev/angularLocalStorage,2,11,132,20,63,0,39
MurhafSousli/ngx-sharebuttons,16,70,848,5,669,1,214
Paldom/angular2-rest,0,2,35,17,12,4,6
Wscats/angular-tutorial,2,12,154,34,2,0,1
firminoweb/ionic-start-theme,0,3,38,0,19,0,7
monospaced/angular-qrcode,1,6,79,0,83,0,29
cgross/generator-cg-angular,1,6,77,70,72,16,25
fatlinesofcode/ngDraggable,2,12,147,105,177,31,74
leovo2708/ngx-treeview,1,4,59,167,183,40,40
AngularClass/retain-app,0,2,25,8,13,1,11
Semantic-Org/Semantic-UI-Angular,2,9,119,13,60,2,33
Urigo/angular2-meteor,11,49,597,5,436,0,56
basvandenberg/ng-select,7,34,414,0,83,0,83
ThomasBurleson/angularjs-Quizzler,2,8,106,7,4,0,0
antonybudianto/angular-starter,5,24,299,1,209,0,109
swiety85/angular2gridster,10,43,520,101,328,22,121
arkon/ng-sidebar,7,31,375,26,203,1,29
facultymatt/angular-unsavedChanges,3,15,183,42,32,7,13
hiravgandhi/angularjs-rails,2,9,108,6,113,2,33
buberdds/angular-bootstrap-colorpicker,3,16,193,14,147,5,65
DaftMonk/angular-tour,2,9,114,55,41,8,24
revolunet/angular-google-analytics,5,23,281,35,200,1,83
creativetimofficial/black-dashboard-angular,0,3,46,4,12,1,6
ngx-rocket/starter-kit,3,16,203,1,34,0,20
zouabimourad/angular2-spring,1,5,61,28,12,23,11
michalsn/CodeIgniter-AngularJS-App,0,0,10,3,6,0,2
tylermcginnis/AngularServices,0,0,6,2,1,0,0
oauthjs/angular-oauth2,1,8,103,31,150,17,90
taiga-family/taiga-ui,127,552,6631,168,8676,33,7016
jhades/spring-mvc-angularjs-sample-app,0,1,20,8,7,0,1
lynndylanhurley/ng-token-auth,9,41,502,121,275,23,86
vlio20/angular-datepicker,13,58,698,29,618,7,239
jhipster/ng-jhipster,10,46,557,0,133,0,133
opitzconsulting/jquery-mobile-angular-adapter,6,29,356,35,199,1,9
born2net/Angular-kitchen-sink,13,59,708,1,40,0,4
angular/angularjs.org,9,39,479,9,248,1,149
samu/angular-table,5,23,280,11,102,1,20
auth0-samples/auth0-angularjs2-systemjs-sample,2,10,128,1,56,0,40
johnpapa/vscode-angular-snippets,4,21,252,9,141,1,73
angular/in-memory-web-api,2,9,112,77,185,6,91
kevinastone/django-api-rest-and-angular,0,2,35,0,37,0,14
SAP/fundamental-ngx,166,722,8673,172,12192,21,7307
softsimon/ngx-bootstrap-multiselect,8,36,433,14,473,0,115
720kb/angular-tooltips,9,40,490,33,202,5,68
ng-book/angular2-redux-chat,3,14,170,5,4,0,1
prajwalkman/angular-slider,0,2,30,53,20,14,12
edcarroll/ng2-semantic-ui,15,66,800,138,317,22,134
loiane/angular2-crud-rest,0,1,21,6,3,0,1
Alberplz/angular2-color-picker,0,3,47,53,75,7,27
angular-dragdrop/angular-dragdrop,3,16,197,28,155,2,70
johnpapa/angular-ngrx-data,6,26,321,23,107,23,107
owsolutions/angular5-iot-dashboard,6,27,333,28,245,27,169
luiscarlosjayk/angular-facebook,3,14,168,36,101,5,31
r-park/todo-angular-firebase,5,25,310,3,140,0,87
AngularAgility/AngularAgility,6,28,345,40,119,3,48
in28minutes/full-stack-with-angular-and-spring-boot,1,6,76,1,13,0,7
umutesen/angular-material-template,0,4,51,19,44,12,41
pitr/angular-rails-templates,3,16,194,10,160,0,47
radcortez/javaee7-angular,2,10,123,2,11,0,9
bradtraversy/angular-crash-todolist,0,0,3,3,5,2,3
stbui/angular-material-app,9,40,482,20,54,17,8
zebzhao/Angular-QueryBuilder,3,13,164,145,120,58,43
delprzemo/angular-cheatsheet,0,3,46,0,0,0,0
mendhak/angular-intro.js,3,16,202,48,124,0,56
angular/angular-electron,0,1,13,23,12,6,7
colthreepv/angular-login-example,1,7,88,6,20,1,2
alexcrack/angular-ui-notification,2,12,154,43,103,8,38
chsakell/spa-webapi-angularjs,0,1,21,4,6,3,0
ccoenraets/angular-cellar,0,0,2,6,0,0,0
platanus/angular-restmod,8,35,424,86,322,6,45
manfredsteyer/angular-crud,2,10,127,6,54,3,39
domfarolino/angular2-login-seed,2,11,136,3,27,0,6
robisim74/AngularSPAWebAPI,1,8,100,1,35,0,5
angular/router,7,32,384,226,222,13,65
manfredsteyer/ngx-build-plus,2,12,144,198,208,90,73
Cordobo/angularx-qrcode,6,28,345,7,251,1,103
nielsutrecht/jwt-angular-spring,0,1,18,0,9,0,3
Farata/angulartypescript,6,28,338,1,26,1,18
creativetimofficial/paper-kit-2-angular,1,5,65,8,14,1,8
klarsys/angular-material-icons,1,7,84,9,73,0,22
xvitcoder/spring-mvc-angularjs,0,1,18,3,4,0,4
wangshijun/angular-echarts,2,9,118,47,46,2,17
kucharzyk/spring-angular2-starter,6,28,340,11,43,0,22
gothinkster/realworld,18,79,958,58,1313,18,820
dangeabunea/RomanianCoderExamples,1,5,66,70,28,66,28
krescruz/angular-materialize,6,27,327,25,209,0,74
ajoslin/angular-mobile-nav,1,8,99,19,75,4,11
affilnost/angular5-example-shopping-app,0,2,27,14,6,10,6
btford/angular-socket-io-seed,0,1,18,7,16,3,3
avatsaev/angular-contacts-app-example,2,12,150,6,34,1,17
jongio/AngularJS-WebApi-EF,0,1,19,6,1,2,1
TheLarkInn/angular2-template-loader,0,3,37,43,46,13,25
kmkatsma/angular2-webpack-starter-gentelella,0,1,14,1,9,0,1
s-yadav/angulargrid,1,6,75,64,88,8,14
swimlane/angular-data-table,8,36,434,92,213,11,63
thenikso/angular-inview,3,15,186,21,127,3,38
sonicoder86/angular2-aot-webpack,2,10,124,3,117,0,89
monw3c/angularjs_pingan,0,1,18,1,3,0,1
DanWahlin/Angular-RESTfulService,1,5,71,3,25,3,15
dmacfarlane/angular-mentions,5,23,287,46,209,16,78
MurhafSousli/ngx-gallery,16,71,859,22,568,2,208
bevacqua/angularjs-dragula,2,9,110,50,81,7,18
akserg/ng2-dnd,2,12,149,208,123,40,40
semlinker/angular2-ionic2,0,2,25,21,1,0,1
creativetimofficial/argon-design-system-angular,0,3,39,11,20,2,9
angulardart/angular_components,29,127,1531,110,399,3,151
angular-ui/AngularJS-Atom,2,8,105,21,67,0,17
DanWahlin/AngularIn20TypeScript,0,3,36,1,14,0,8
hantsy/angularjs-springmvc-sample,2,11,136,2,20,2,10
outsideris/angular-summernote,3,15,183,93,132,6,22
avatsaev/angular-learning-resources,0,2,30,2,7,0,4
itsdrewmiller/angular-perfect-scrollbar,1,7,91,4,97,1,43
highcharts/highcharts-angular,4,19,239,13,370,0,56
cornflourblue/mean-angular2-registration-login-example,0,1,13,5,3,1,1
mgonto/angularytics,1,5,70,18,37,3,21
googlearchive/firebase-angular-starter-pack,0,2,32,11,11,6,6
bwdbooks/nodejs-mongodb-angularjs-web-development,0,0,5,8,5,1,1
alongubkin/angular-datepicker,1,7,95,30,44,2,27
brandly/angular-youtube-embed,3,13,156,51,127,20,28
ccoenraets/sociogram-angular-ionic,0,0,1,11,5,4,1
crisbeto/angular-svg-round-progressbar,4,17,209,52,185,2,35
tjoskar/ng-lazyload-image,9,42,507,36,534,8,249
trochette/Angular-Design-Patterns-Best-Practices,0,3,42,5,12,1,6
mschwarzmueller/angular-2-beta-boilerplate,0,2,29,7,25,0,7
danialfarid/ng-file-upload,22,96,1159,325,1820,24,204
EmmanuelDemey/eslint-plugin-angular,18,80,960,85,515,17,282
Apress/pro-angular-6,0,0,5,18,2,4,0
trycom/parse-angular-demo,1,5,71,9,31,0,8
ghiscoding/Angular-Slickgrid,79,345,4144,0,1404,0,1014
auth0-blog/angular2-electron,0,1,20,5,15,1,6
tombatossals/angular-openlayers-directive,11,49,591,78,329,8,159
marinantonio/angular-mat-table-crud,1,8,100,8,65,6,40
ag-grid/ag-grid,782,3392,40712,85,8570,25,2445
angular/bower-angular-animate,74,322,3872,0,11,0,11
iamisti/mdDataTable,10,45,543,147,205,13,60
shuhei/babel-angular2-app,1,7,95,3,32,1,7
Saka7/spring-boot-angular4-boilerplate,0,3,40,0,9,0,0
ultimatecourses/angular-pro-app-seed,0,0,5,30,14,23,10
wzr1337/angular-gestures,1,7,84,7,50,0,21
ccoenraets/directory-angular-ionic,0,0,3,2,0,1,0
angular-ui/AngularJS-StyleGuide,4,21,259,2,31,1,10
trungvose/angular-tetris,2,12,145,12,44,7,39
froala/angular-froala,5,24,288,31,227,4,47
toddmotto/angular-dynamic-forms,0,0,8,2,1,2,1
erdkse/adminlte-3-angular,0,1,14,10,48,0,25
StartBootstrap/sb-admin-angular,0,2,34,24,9,18,8
twinssbc/AngularJS-ResponsiveCalendar,1,5,66,30,55,1,11
DeborahK/Angular-Communication,1,4,53,2,21,1,21
angular-ui/AngularJS-brackets,0,3,38,10,12,1,4
kamilkp/angular-sortable-view,1,8,96,85,62,25,29
danielstern/ngAudio,4,20,249,1,211,0,59
AngularjsRUS/angular-doc,69,302,3635,25,169,17,158
auth0/angular-storage,1,8,99,0,64,0,32
mwasiluk/angular-surveys,2,10,131,38,31,2,14
rmcdaniel/angular-codeigniter-seed,2,9,108,0,13,0,3
rpocklin/angular-timeline,0,4,50,14,31,2,7
airpair/T0021-airpair-angularjs-tutorial,0,0,3,4,3,1,2
filipows/angular-animations,3,14,175,67,80,43,55
surmon-china/angular-admin,5,25,302,11,59,8,37
jaxio/celerio-angular-quickstart,5,23,281,28,53,3,4
gopinav/Angular-Authentication-Tutorial,0,1,14,3,0,1,0
adriancarriger/angularfire2-offline,4,19,232,29,64,4,8
ultimatecourses/redux-store,0,0,2,3,12,2,8
DethAriel/ng-recaptcha,7,32,388,18,307,5,88
yearofmoo-articles/AngularJS-SEO-Article,0,2,26,7,5,0,1
Venturocket/angular-slider,0,3,47,41,58,4,20
cornflourblue/angular-8-registration-login-example,0,0,8,27,7,22,7
brantwills/Angular-Paging,5,23,278,17,55,5,22
btford/angular-markdown-directive,0,3,36,33,31,12,21
Schweigi/assembler-simulator,1,5,66,23,18,8,8
tinymce/tinymce,504,2187,26246,590,9010,31,3121
Reklino/angular-resizable,0,4,50,45,44,11,18
h2qutc/angular-material-components,6,29,351,207,192,14,93
stefanoslig/angular-ngrx-nx-realworld-example-app,12,52,632,19,300,15,265
salemdar/ngx-cookie,2,10,124,26,624,14,544
start-angular/angular2-node-socket-io-chat-app,0,3,38,3,2,0,2
jonniespratley/angular-cms,11,49,595,8,24,0,8
dsyer/spring-boot-angular,0,4,49,14,27,12,8
cgross/angular-notify,0,2,28,49,31,13,14
linnovate/mean,42,185,2231,64,2001,57,745
angular-schule/angular-cli-ghpages,4,19,234,8,180,1,41
tinymce/tinymce-angular,9,42,509,9,377,4,142
daniellmb/angular-test-patterns,1,4,53,6,13,1,7
lemonde/angular-ckeditor,1,5,61,49,32,10,16
ericclemmons/grunt-angular-templates,4,21,253,40,143,11,67
danhunsaker/angular-dynamic-forms,0,3,46,35,47,1,14
intbot/ng2-pdfjs-viewer,5,24,297,52,203,3,69
zefoy/ngx-swiper-wrapper,6,27,333,12,22,12,22
blabla1337/skf-flask,63,273,3279,65,778,19,551
angular/angular-ja,18,79,958,1,984,0,709
ng2-ui/map,6,26,319,49,252,3,81
joejordanbrown/popover,3,13,161,63,860,52,776
mrholek/CoreUI-AngularJS,0,1,23,8,5,1,3
teropa/build-your-own-angularjs,5,23,281,40,334,4,6
kolorobot/angular2-typescript-gulp,0,2,28,0,10,0,2
moizKachwala/Angular2-express-mongoose-gulp-node-typescript,1,7,90,1,40,0,7
DevCloudFE/ng-devui,1,7,86,105,253,3,126
jsverse/transloco,24,105,1261,100,619,12,193
lannodev/angular-tailwind,4,20,247,1,16,0,8
johnpapa/angular2-force,0,0,9,1,5,0,2
tnicola/ngx-joyride,7,32,390,83,749,15,681
MarlabsInc/webapi-angularjs-spa,1,6,79,3,5,1,1
ngx-rocket/generator-ngx-rocket,27,118,1423,40,597,2,270
vesparny/angular-kickstart,4,17,213,1,32,1,14
toddmotto/angular-pizza-creator,0,1,22,2,4,0,4
videogular/videogular2,13,60,725,134,791,9,479
angular-university/courses,9,43,517,1,4,1,2
khan4019/angular-interview-questions,0,2,29,1,1,0,1
mgcrea/angular-motion,0,4,49,11,18,2,4
Angular-RU/angular-ru-interview-questions,1,7,87,3,33,2,31
devmark/angular-slick-carousel,2,10,129,51,101,9,24
btford/angular-socket-io-im,0,1,14,5,4,2,2
ngrx/store,2,12,151,10,456,9,98
AngularTemplates/angular-firebase-crud,0,1,16,22,13,21,10
jseppi/angular-dropdowns,2,11,136,10,75,3,29
danielcrisp/angular-rangeslider,1,6,82,42,66,13,23
timjacobi/angularjs-education,1,5,61,0,14,0,7
orizens/echoes-player,9,42,510,8,68,3,37
castillo-io/angular-css,1,6,73,43,45,3,18
deeleman/learning-angular2,2,12,149,2,57,0,7
EricWVGG/AngularSlideables,0,1,22,12,8,1,6
samwiseduzer/angularPrint,1,5,69,21,18,0,8
didinj/mean-stack-angular5-crud,0,1,14,3,5,0,4
Chocobozzz/PeerTube,259,1126,13518,567,5938,4,1225
chrisdwheatley/generator-angular2,2,9,117,15,41,0,14
js-data/js-data-angular,6,28,341,9,363,1,61
coatue-oss/react2angular,1,8,99,44,113,20,55
alexpods/angular2-universal-starter,1,8,100,22,54,3,33
juristr/angular-testing-recipes,1,5,69,27,20,26,16
bluehalo/ngx-leaflet,9,39,469,38,333,5,119
dougludlow/ng2-bs3-modal,4,18,227,41,226,12,31
ngParty/ng-metadata,9,41,500,30,194,5,81
Reactive-Extensions/rx.angular.js,3,13,164,33,104,7,59
springboot-angular2-tutorial/angular2-app,10,44,529,1,22,0,2
panacloud/learn-angular,3,15,190,0,1,0,1
QianmiOpen/AngularAdmin,4,20,241,1,2,0,2
unlayer/angular-email-editor,1,6,80,90,46,47,30
forms-angular/forms-angular,43,188,2263,7,211,3,154
yearofmoo-articles/AngularJS-Animation-Article,0,0,11,3,2,0,1
compact/angular-bootstrap-lightbox,2,10,124,43,54,7,13
deepthan/blog-angular,2,11,134,158,11,20,9
joeldenning/coexisting-angular-microfrontends,1,8,102,68,115,59,75
manijak/nativescript-carousel,4,19,231,7,57,7,57
miickel/gulp-angular-templatecache,3,15,188,6,174,0,80
Angular-RU/universal-starter,9,40,484,30,269,19,212
angular/angular-bazel-example,6,28,338,0,522,0,432
angular/flex-layout,14,61,734,49,1394,1,462
royboy789/Angular-Wordpress-Theme,1,6,81,5,24,1,3
angular/vscode-ng-language-service,22,97,1174,57,2013,12,1163
Apress/pro-angular-2ed,0,1,20,1,4,1,4
toddmotto/angular-1-5-components-app,0,2,29,7,21,3,10
SantiagoGdaR/angular-ngrx,0,1,14,0,0,0,0
bfwg/angular-spring-starter,1,4,53,2,55,0,23
kriasoft/AngularJS-SPA-Template,0,3,36,12,3,2,0
DanWahlin/AngularCLI-ASPNET-Core-CustomersService,1,4,59,3,45,3,41
jelbourn/material2-app,0,2,29,34,14,7,3
KillerCodeMonkey/ngx-quill,32,141,1700,1,1930,1,905
bithost-gmbh/ngx-mat-select-search,7,32,395,21,471,4,222
madoar/angular-archwizard,3,16,203,54,339,30,164
mgechev/angular-webrtc,0,3,42,0,4,0,1
microsoft/angular-react,9,40,480,54,171,30,144
testing-library/angular-testing-library,6,29,359,7,478,1,298
angelozerr/angularjs-eclipse,8,38,456,60,170,1,28
Wildhoney/Magento-on-Angular,9,40,481,26,96,1,16
Zemke/starter-laravel-angular,1,8,97,10,39,1,5
DanWahlin/Angular-Forms,1,8,98,0,3,0,2
maxisam/ngx-clipboard,8,35,422,15,312,4,150
PacktPublishing/Angular-Cookbook,5,22,266,2,32,0,30
kuhnza/angular-google-places-autocomplete,1,5,63,81,53,10,29
ghostfolio/ghostfolio,55,242,2906,99,3395,22,2890
toddmotto/angular-architecture,0,1,15,1,1,0,1
artemsky/ng-snotify,4,20,247,64,77,26,21
balderdashy/angularSails,2,12,149,16,59,2,28
ansrivas/angular2-flask,2,11,142,33,772,31,751
codelab-fun/codelab,46,200,2405,72,1211,16,405
algaworks/curso-angular-rest-spring-boot-api,3,13,163,56,12,55,11
leon/angular-upload,1,7,91,30,42,1,19
fabiobiondi/angular-fullscreen,1,7,90,21,42,4,19
Mischi/angularjs-imageupload-directive,0,2,34,32,8,15,3
brianpkelley/md-color-picker,2,11,141,51,77,8,34
artch/angular-route-segment,2,11,133,56,71,7,17
AngularLovers/angularjs,1,5,60,0,2,0,2
xpepermint/angular-ui-switch,0,2,32,39,24,15,13
floydwch/angular-underscore,0,2,25,18,8,3,3
PatrickJS/PatrickJS-starter,34,150,1807,0,2071,0,835
kevoj/angular-editor-fabric-js,1,6,75,12,76,5,55
sparkalow/angular-truncate,0,2,33,17,18,5,13
Wykks/ngx-mapbox-gl,10,43,520,71,355,9,119
leftstick/angular2-baidu-map,3,13,160,31,116,21,29
amitava82/angular-multiselect,1,8,101,30,72,9,30
SaiUpadhyayula/angular-reddit-clone,0,0,5,19,5,15,5
mschwarzmueller/angular-complete-guide-course-resources,0,1,22,7,3,6,1
jasimea/ElectronAngular,0,0,3,7,3,3,1
restorando/angular-pickadate,2,9,111,28,64,7,38
victorb/ngProgress,3,13,166,22,113,6,44
jelgblad/angular2-masonry,1,8,98,32,31,5,13
scotttrinh/angular-localForage,4,17,209,21,129,3,52
Apress/pro-angular-9,0,0,10,333,93,332,92
angular-university/rxjs-course,1,6,78,17,57,9,56
McNull/angular-block-ui,2,11,141,59,71,6,14
Jakobovski/angular-validator,1,7,91,34,103,3,27
flatlogic/angular-dashboard-seed,2,9,108,0,21,0,5
ganatan/angular-ssr,3,16,192,7,11,0,9
thenikso/angular-flexslider,1,5,65,44,53,3,15
gocardless/angularjs-style-guide,1,4,59,1,29,1,14
danielsogl/awesome-cordova-plugins,88,384,4610,15,4763,10,2474
angular/mobile-toolkit,2,11,138,90,97,11,49
MurhafSousli/ngx-bar-rating,1,6,82,4,112,1,54
AnthonyNahas/ngx-auth-firebaseui,21,93,1117,15,679,7,363
cloudspace/angular_devise,2,11,133,27,95,4,33
ganatan/angular-react-starter,10,46,561,7,37,5,36
azouaoui-med/angular-pro-sidebar,0,1,18,33,14,29,12
tastejs/angular-movies,45,198,2381,14,271,6,259
DanWahlin/Angular-Docker-Microservices,0,1,20,1,3,0,0
AngularTemplates/firebase-authentication-with-angular,0,1,17,25,16,24,14
mgechev/ngrev,1,6,77,51,121,32,67
johnpapa/heroes-angular,2,10,121,33,19,29,18
Urigo/meteor-angular-socially,8,36,436,11,147,6,48
trimox/angular-mdc-web,33,147,1766,80,2202,17,1385
ahmadalibaloch/Angular-AdminLTE,14,62,749,1,4,0,3
frapontillo/angular-bootstrap-switch,3,13,164,7,131,1,35
pc035860/angular-easyfb,4,18,225,32,53,2,15
sitepoint-editors/angular-todo-app,0,0,8,1,5,0,2
DaftMonk/angular-passport,0,2,24,9,3,4,0
onehungrymind/angular-core-workshop,0,3,37,30,22,28,11
vendure-ecommerce/storefront-angular-starter,5,22,269,25,68,11,50
ng-matero/extensions,26,116,1393,19,303,1,78
bojidaryovchev/nest-angular,2,12,150,67,8,61,4
why520crazy/angular-w5c-validator,4,21,252,6,91,0,11
enten/angular-universal,0,0,4,2,75,2,30
hantsy/angular-spring-reactive-sample,5,24,293,2,185,2,177
AlmogBaku/ngFacebook,1,8,98,31,43,5,11
wangdicoder/angular-material-dashboard,1,8,103,31,30,25,24
winkerVSbecks/angular-pdf-viewer,1,5,62,2,28,2,28
swimlane/angular1-systemjs-seed,3,17,206,17,51,1,16
thoughtram/angular2-change-detection-demos,0,1,12,22,15,20,14
hollyschinsky/MyAngularPhoneGapProject,0,0,10,3,2,0,1
auth0-blog/angular-token-auth,0,1,18,5,6,1,2
janantala/angular-qr,1,6,72,19,30,4,22
ksachdeva/angular-swiper,1,5,61,51,28,10,10
code-chunks/angular2-logger,2,9,116,24,156,9,126
aspnetboilerplate/module-zero-core-template,26,114,1371,0,384,0,384
zafarali/learning-angular,1,6,83,0,6,0,5
angular-university/angular-pwa-course,1,7,90,37,17,29,15
hantsy/angularjs-springmvc-sample-boot,2,10,121,2,14,2,4
danrevah/ngx-pipes,10,44,528,42,219,16,95
Angular2Guy/AngularAndSpring,17,74,892,5,58,5,58
bendrucker/angular-credit-cards,4,20,240,1,181,0,46
angular-ui/ui-select2,13,60,720,163,154,39,68
isaacplmann/ngx-tour,5,23,280,5,283,3,90
userapp-io/userapp-angular,1,8,103,12,8,1,5
jhades/angular2-rxjs-observable-data-services,0,1,14,3,2,0,1
SoCreate/angular-playground,15,66,799,17,318,14,160
FERNman/angular-google-charts,6,27,325,3,323,0,100
bendrucker/angularjs-stripe,2,11,134,4,75,0,17
cornflourblue/angular-8-jwt-authentication-example,0,0,4,29,12,28,12
articodeltd/angular-cesium,32,142,1710,78,367,30,221
gmerabishvili/angular-ng-autocomplete,2,9,118,39,187,10,47
AngularTemplates/angular-forms-and-validations,0,0,3,15,28,15,27
valor-software/ng2-handsontable,4,17,208,45,473,0,430
flowjs/ng-flow,2,12,149,157,206,5,33
remotty/angular-ladda,1,7,91,10,55,1,14
tameraydin/ngToast,3,13,162,13,86,5,28
seiyria/angular-bootstrap-slider,4,18,218,30,139,7,90
mobxjs/mobx-angular,5,25,306,4,189,1,94
michaeloryl/angular2-bootstrap4-oauth2-webpack,3,13,164,6,3,2,1
DimiMikadze/laravel-angular-cms,0,3,47,0,18,0,2
angularify/angular-semantic-ui,2,9,111,21,45,9,31
jtrussell/angular-snap.js,4,17,213,4,114,0,11
thijsw/angular-medium-editor,1,4,55,23,63,4,36
TylerGarlick/angular-redactor,1,4,58,31,47,6,21
ionic-team/tutorial-photo-gallery-angular,0,3,43,14,63,10,48
kabasakalis/angular-yii,0,0,6,1,3,0,2
yairEO/tagify,34,148,1785,67,1307,3,161
Luegg/angularjs-scroll-glue,1,7,93,13,47,3,21
cgarvis/angular-toggle-switch,2,9,116,27,69,7,31
mkwiatkowski/todo-rails4-angularjs,1,7,89,1,13,0,6
surveyjs/survey-library,253,1098,13185,555,8063,12,3166
goetzrobin/spartan,12,52,628,56,300,6,187
jhades/angularjs-gulp-example,0,4,51,2,3,0,1
Wrinth/personal_profile_angular4,0,0,9,1,0,0,0
Acrecio/angular-symfony,1,7,93,14,32,11,14
andyshora/angular-image-crop,0,3,38,25,13,6,5
angular-oauth/angular-oauth,0,2,28,11,16,5,11
ajoslin/angular-promise-tracker,2,11,133,8,69,1,22
ui-router/sample-app-angularjs,12,52,625,80,320,77,285
alferov/angular-file-saver,2,12,153,34,16,2,7
ckeditor/ckeditor5-angular,10,44,534,43,390,1,123
pselle/django-rest-angular2-example,0,2,27,5,10,2,6
algolia/angular-instantsearch,20,90,1080,39,947,1,732
angular/angular-update-guide,4,20,241,80,186,27,144
cornflourblue/angular-6-registration-login-example,0,0,10,4,6,0,1
mankindsoftware/angular-isotope,0,4,50,41,22,3,2
ranjithprabhuk/Angular-Bootstrap-Dashboard,0,1,17,8,0,0,0
rodgc/ngx-socket-io,2,12,152,3,175,2,47
glitchtank/angular-seed-master,0,0,3,2,0,2,0
Dreampie/icedog,2,11,136,0,1,0,0
typebytes/angular-checklist,4,19,232,26,115,6,98
Esri/angular-esri-map,10,45,550,0,355,0,134
johnpapa/HotTowel-Angular,1,5,67,21,13,1,6
ivpusic/angular-cookie,1,7,90,18,48,2,17
dibari/angular-ellipsis,2,9,111,32,58,8,39
xmlking/ngx-starter-kit,33,145,1748,24,950,20,914
ninjatronic/angular-base64,0,2,35,14,16,4,6
tarlepp/angular-sailsjs-boilerplate,5,24,295,30,97,0,27
ng2-ui/auto-complete,9,42,511,18,421,3,128
JeremyMorgan/Angular-Kickstart,0,3,46,3,5,0,3
simpulton/angular-dynamic-templates,0,1,12,4,1,1,0
Enngage/ngx-paypal,4,18,223,46,197,6,48
ivylaboratory/angular-carousel,0,3,44,92,60,23,30
janantala/angular-adaptive-speech,1,8,99,9,24,0,18
adonespitogo/angular-base64-upload,6,28,342,33,85,2,45
begriffs/angular-paginate-anything,3,14,179,15,89,1,28
AllanBishop/angular-img-cropper,0,3,45,75,29,10,6
maximepvrt/angular-google-gapi,2,9,112,18,76,3,30
scotch-io/laravel-angular-comment-app,0,1,21,2,8,1,8
sachinchoolur/angular-trix,0,0,10,37,15,3,1
fusioncharts/angularjs-fusioncharts,2,11,139,6,76,3,44
yaru22/angular-timeago,4,17,215,11,90,4,54
2muchcoffeecom/ngx-restangular,6,27,327,39,193,22,33
AngularClass/angular-examples,0,0,5,2,0,1,0
swimlane/ngx-ui,34,149,1788,62,986,33,878
tijme/angularjs-csti-scanner,3,17,206,1,18,0,3
zqjimlove/angular-ueditor,0,1,20,3,17,0,1
sherweb/ngx-materialize,4,20,249,39,341,5,233
cebor/angular-highcharts,10,43,520,79,320,2,136
lorenzofox3/Smart-Table,7,30,369,62,799,14,144
johnpapa/generator-hottowel,5,24,293,17,202,1,91
dnauck/angular-advanced-searchbox,1,8,97,57,48,20,13
PacktPublishing/Angular-Projects,1,7,95,195,84,191,82
djds4rce/angular-socialshare,2,10,128,7,72,1,29
anihalaney/rwa-trivia,132,575,6903,8,698,3,690
DanWahlin/AngularOverlay,0,1,16,2,5,1,3
jiayihu/ng-animate,1,4,54,17,46,8,31
bumbeishvili/org-chart,5,23,285,114,321,5,35
preboot/angular2-universal-windows-app,0,0,5,3,0,0,0
hotforfeature/origami,4,21,256,24,109,22,24
formly-js/angular-formly-templates-bootstrap,2,8,105,34,81,6,26
perminder-klair/angular-soundmanager2,1,5,62,42,32,10,8
patternfly/angular-patternfly,20,90,1085,68,755,30,540
aws-samples/aws-mobile-appsync-chat-starter-angular,1,7,92,6,67,0,18
brechtbilliet/angular-typescript-webpack,1,6,82,8,23,1,15
Azure-Samples/ms-identity-javascript-angular-tutorial,12,55,663,32,343,28,309
jingyanjiaoliu/angular-guide-zh,5,22,274,2,4,1,2
PinkyJie/angular1-webpack-starter,4,21,258,5,15,0,1
nbfontana/ngx-currency,3,16,194,80,121,15,58
legalthings/angular-pdfjs-viewer,1,6,81,45,49,2,23
VadimDez/ngx-order-pipe,6,27,334,5,173,4,90
ezraroi/ngJsTree,1,8,101,28,113,1,14
BootstrapDash/StarAdmin-Free-Angular-Admin-Template,0,0,10,4,6,2,2
giacomocerquone/angular4-mean-starter,0,1,14,2,4,1,0
wordpress-clients/wp-api-angular,2,9,109,12,36,2,6
manfredsteyer/angular-microapp,0,0,10,45,10,33,8
DanWahlin/Angular-Core-Concepts,0,1,16,2,50,2,47
handsontable/handsontable,161,701,8416,427,9855,20,2706
onehungrymind/fem-production-angular,0,1,16,4,3,4,2
Siyfion/angular-typeahead,1,7,92,5,94,2,34
jonsamwell/angular-auto-validate,3,14,170,33,140,3,32
linemanjs/lineman-angular-template,2,11,137,2,59,0,20
ProgressNS/nativescript-ui-samples-angular,20,89,1073,1,247,1,247
iVantage/angular-ivh-treeview,5,22,274,27,196,0,20
doshprompt/angular-localization,2,11,133,40,79,9,34
eddiemoore/angular-spotify,5,22,271,35,157,22,131
RevillWeb/angularjs-by-example,0,1,14,2,2,1,2
SaturnTeam/saturn-datepicker,2,11,139,53,117,3,25
cgmartin/sailsjs-angularjs-bootstrap-example,0,3,41,9,18,0,6
changhuixu/angular-material-admin,0,2,28,9,15,9,14
PillowPillow/ng2-webstorage,7,32,387,32,157,8,51
bfwg/ngx-drag-scroll,5,24,289,38,289,3,154
michaelbromley/angular-wordpress-seed,0,1,12,2,10,0,0
carlcraig/tc-angular-chartjs,1,7,91,7,84,0,23
zefoy/ngx-perfect-scrollbar,7,33,397,87,266,11,33
akveo/nebular,43,188,2256,907,2239,69,1222
aberezkin/ng2-image-upload,3,13,164,85,194,26,69
dominique-mueller/angular-notifier,2,9,113,39,220,8,180
dart-archive/angular.dart.tutorial,4,21,253,14,129,2,80
calebds/healthy-gulp-angular,0,1,17,9,6,2,4
JustMaier/angular-signalr-hub,1,8,100,21,70,1,31
vmware-clarity/ng-clarity,67,290,3490,75,1377,20,1204
zxing-js/ngx-scanner,19,82,989,75,493,2,155
lgalfaso/angular-dynamic-locale,3,16,197,11,143,1,59
rangle/ngCourse2,38,165,1984,58,916,6,730
hamedbaatour/minimus,0,2,34,3,12,0,5
sibiraj-s/ngx-editor,21,95,1141,17,464,0,199
mledour/angular-admin-lte,6,27,331,27,71,24,25
matheusbattisti/curso_angular_yt,0,0,2,2,0,1,0
urish/angular-load,0,3,45,9,36,1,14
alenaksu/mdPickers,2,12,148,95,108,29,38
caitp/angular-semantic,1,8,99,11,32,0,30
sachinchoolur/angular-flash,1,5,65,8,50,1,16
voronianski/ngActivityIndicator,0,4,51,3,15,0,7
Agranom/ngx-material-timepicker,4,19,231,76,392,8,111
ui-router/angular-hybrid,12,55,669,10,588,8,464
TwanoO67/bootstraping-ngx-admin-lte,4,19,231,8,98,1,33
coffeeandcloud/angular-clean-architecture,0,2,35,5,13,0,12
Hypercubed/angular-marked,2,11,135,10,71,2,19
legalthings/angular-signature,1,5,63,22,58,4,22
cyclosproject/ng-openapi-gen,7,30,369,36,294,1,79
BuilderIO/mitosis,32,141,1695,181,1338,31,1009
pablodenadai/angular2-seed-project,4,18,226,1,80,0,19
PatrickJS/angular-hmr,2,12,146,36,66,6,23
rolandjitsu/angular-lab,14,62,747,0,67,0,4
cyrilletuzi/angular-async-local-storage,2,12,152,1,979,0,876
designcourse/angular-seo,0,0,2,18,6,0,0
trekhleb/angular-library-seed,4,18,224,28,11,16,6
filipesilva/angular-quickstart-lib,1,8,103,31,46,5,19
janpantel/angular-sails,2,9,109,16,85,0,34
manfredsteyer/angular-elements-dashboard,0,0,9,32,12,27,10
katoid/angular-grid-layout,1,8,97,31,74,5,25
cornflourblue/angular-7-registration-login-example,0,0,7,0,1,0,0
jmurphzyo/Angular2OidcClient,0,3,45,3,36,0,7
FE-free/fc-angular,3,16,196,18,36,15,34
andrewmcgivery/angular-soap,0,1,20,33,25,1,14
analogjs/analog,24,107,1286,25,1295,5,840
basti1302/angular-browserify,1,7,88,0,9,0,7
davemo/end-to-end-with-angularjs,0,2,29,0,18,0,4
bartosz-io/jwt-auth-angular,1,6,75,12,37,12,34
mattiash/angular-tablesort,4,19,232,26,90,6,49
webcat12345/ngx-intl-tel-input,6,30,363,122,392,23,222
rednez/angular-user-idle,3,14,170,16,151,1,72
ngneat/spectator,15,68,820,58,541,4,239
eggheadio/egghead-angularjs-from-scratch-getting-started,0,1,17,2,40,1,31
jameskleeh/angular-confirm,2,9,110,14,76,6,30
angular/bower-angular-i18n,74,322,3865,0,37,0,37
mdbootstrap/Angular-Bootstrap-Boilerplate,0,1,12,3,20,1,15
fireship-io/angular-tic-tac-toe,0,0,5,21,11,19,10
BioPhoton/angular-star-rating,2,9,117,18,111,1,17
ng-lightning/ng-lightning,13,58,706,49,552,22,400
scttcper/ngx-codemirror,5,25,311,12,313,0,246
vicapow/angular-d3-talk,0,2,30,1,1,0,1
richnologies/ngx-stripe,3,17,205,15,248,4,49
pc035860/angular-highlightjs,4,17,210,24,70,3,17
Jon-Peppinck/linkedin-clone,0,2,33,0,3,0,0
webcss/angular-indexedDB,0,3,47,19,28,2,21
jsmodules/angular-material-calendar,2,10,120,53,72,5,30
paulsmith/angular-slugify,0,2,27,13,22,6,15
btford/angular-modal,0,2,35,16,35,6,14
githubjeka/angular-yii2,1,7,90,4,10,0,2
designcourse/angular-auth-demo,0,0,3,10,2,0,0
sparkalow/angular-count-to,0,0,10,19,12,8,9
plotly/angular-plotly.js,6,28,342,32,236,3,68
fabiandev/angular-quiz-app,8,35,423,17,24,15,14
cornflourblue/angular-7-jwt-authentication-example,0,0,6,22,6,19,6
xsltdev/angdev.ru,2,12,155,0,16,0,15
alexzuza/angular-plugin-architecture,0,1,13,52,13,30,8
ova2/angular-development-with-primeng,5,25,301,2,10,0,2
shyamseshadri/angular-up-and-running,1,6,78,4,1,1,1
ghiscoding/angular-validation,5,25,301,0,189,0,26
scotch/angular-brunch-seed,5,21,263,15,102,3,48
kuhnroyal/mat-datetimepicker,9,42,510,41,548,1,470
tithi021/graphql-apollo-nodejs-mongodb-angular5,0,0,8,3,1,0,0
johnpapa/pwa-angular,1,7,92,6,8,3,8
codingforentrepreneurs/Angular-Django,0,2,30,0,0,0,0
azouaoui-med/lightning-admin-angular,0,2,28,29,19,26,18
esvit/angular-social,0,3,47,19,21,5,9
webcat12345/ngx-ui-switch,13,60,726,22,481,6,390
windiest/angular-tutorial,1,5,61,0,5,0,1
michaelbromley/angular-es6,0,2,29,5,8,0,1
lubkoKuzenko/angular-clean-code,3,14,171,0,1,0,1
DanWahlin/Angular-BareBones,1,7,88,0,3,0,0
atularen/ngx-monaco-editor,1,5,67,146,131,11,46
smnbbrv/ngx-grpc,4,21,253,19,97,1,46
TerryMooreII/angular-wysiwyg,1,5,67,37,46,10,13
wrappixel/material-pro-angular-lite,1,7,87,2,64,1,62
wlucha/angular-starter,3,13,167,0,32,0,29
RaphaelJenni/FirebaseUI-Angular,4,19,235,12,197,2,75
chrisleekr/yii2-angular-boilerplate,1,6,74,45,89,43,60
auth0-blog/angularjs-jwt-authentication-tutorial,0,1,19,5,9,2,3
gmazzamuto/ng2-google-charts,4,18,225,3,152,0,42
christianalfoni/flux-angular,2,10,129,18,81,18,20
dougjohnston/angular-drum-machine,1,6,75,5,20,0,1
FabianGosebrink/ASPNETCore-Angular-Ngrx,6,30,361,30,27,29,22
semlinker/angular-faq,0,0,9,0,0,0,0
johnpapa/angular-event-view-cli,3,15,187,2,56,2,55
TeamMaestro/angular-native-seed,1,6,75,25,81,6,31
JsDaddy/ngx-mask,20,86,1042,36,1384,3,497
Soundnode/soundnode-app,17,75,909,275,921,11,418
bahaaldine/angular-csv-import,2,10,122,39,46,7,24
GabrielDelepine/angular-css-injector,1,6,73,8,26,1,11
bvaughn/angular-form-for,9,39,473,7,180,2,47
ultimatecourses/ngrx-store-effects-app,0,0,9,45,19,26,11
stewones/angular-morris,1,8,103,8,55,0,20
evoytenkoapps/angular-best-practices,3,15,187,0,13,0,6
aws-samples/aws-cognito-apigw-angular-auth,0,2,32,3,26,1,8
angular-university/angular-firebase-app,1,5,66,2,3,0,1
angular/angular-hint,3,15,187,30,100,2,38
ncstate-sat/popover,3,15,188,36,266,1,196
serhiisol/ngx-auth,0,3,39,0,63,0,25
stevepapa/angular2-autosize,0,1,18,17,14,3,5
jettro/c3-angular-directive,3,16,203,41,140,2,36
gonewandering/angles,1,6,83,23,55,5,30
strongloop/loopback-sdk-angular,6,27,326,4,296,0,128
cvqluu/Angular-Penalty-Softmax-Losses-Pytorch,0,1,23,15,4,1,0
single-spa/single-spa-angular,7,32,387,35,486,6,207
pdanis/angular-puzzle,0,1,17,10,0,1,0
mfauveau/angular-query-builder,0,0,8,10,5,3,0
jeroenheijmans/sample-angular-oauth2-oidc-with-auth-guards,5,24,298,8,151,0,83
aitboudad/ngx-loading-bar,3,13,159,7,194,1,60
Azure-Samples/active-directory-angularjs-singlepageapp,1,7,88,0,59,0,16
RenanRB/curso-angular,0,1,23,11,3,11,2
msfrisbie/egghead-angularjs,0,1,15,2,2,1,2
